A;B;C;Feature 1;Target
1;0.5;0.25;;
21;20.5;20.25;;
1;0.5;0.25;;
7.666666667;7.166666667;6.916666667;;
7.666666667;7.166666667;6.916666667;;
7.666666667;7.166666667;6.916666667;;
7.666666667;7.166666667;6.916666667;;
7.666666667;7.166666667;6.916666667;;
7.666666667;7.166666667;6.916666667;;
7.666666667;7.166666667;6.916666667;;
